Workbook

Sheet Légende
A1: Benchmark Gemini API vs Gemini Nano — AudioLens
A3: Ce classeur sert de suivi trimestriel. Voir benchmark/PROTOCOL.md pour la méthodologie complète.
A5: Onglets :
A6: • Résultats : une ligne par (cas de test x moteur x run). C'est ici qu'on saisit/colle les données.
A7: • Synthèse : moyennes calculées automatiquement par trimestre et par moteur (ne pas éditer, ce sont des formules).
A9: Cellules à remplir vous-même : fond jaune pâle, comme l'exemple en ligne 3 de l'onglet 'Résultats'.
A10: Colonnes calculées automatiquement (fond blanc, formules) : ne pas écraser.
A12: Pour un run officiel trimestriel : prompt_variant_id = 'baseline' et is_quarterly_baseline = 'oui'.
A13: Pour un test de prompt ad hoc : donnez-lui un prompt_variant_id distinct et is_quarterly_baseline = 'non'
A14: — ces lignes sont exclues des moyennes de l'onglet Synthèse.

Sheet Résultats
A1: quarter | B1: run_date | C1: engine | D1: case_id | E1: category | F1: style | G1: prompt_variant_id | H1: is_quarterly_baseline | I1: model_version | J1: title | K1: script_excerpt_or_link | L1: word_count | M1: latency_ms | N1: recognized (oui/non/partiel) | O1: factual_accuracy (1-5) | P1: narrative_quality (1-5) | Q1: instruction_adherence (1-5) | R1: style_match (1-5) | S1: error | T1: notes
A2: 2026-Q3 | B2: 2026-08-22 | C2: cloud | D2: EXAMPLE | E2: monument_celebre | F2: immersive | G2: baseline | H2: non (exemple) | I2: gemini-3.5-flash | J2: L'élégance néoclassique de Notre-Dame | K2: Au XIXe siècle, alors que Vincennes... | L2: 342 | M2: 1850 | N2: oui | O2: 4 | P2: 4 | Q2: 5 | R2: 4 | T2: Ligne d'exemple — à supprimer avant le premier vrai run

Sheet Synthèse
A1: Synthèse par trimestre et par moteur (calculée automatiquement — ne pas éditer les formules)
A3: quarter | B3: engine | C3: n_runs (hors variantes) | D3: avg_factual_accuracy | E3: avg_narrative_quality | F3: avg_instruction_adherence | G3: avg_style_match | H3: avg_word_count | I3: avg_latency_ms
A4: 2026-Q3 | B4: cloud | C4: =COUNTIFS(Résultats!$A$2:$A$1000,$A4,Résultats!$C$2:$C$1000,$B4,Résultats!$H$2:$H$1000,"oui") -> 0 | D4: =IFERROR(AVERAGEIFS(Résultats!$O$2:$O$1000,Résultats!$A$2:$A$1000,$A4,Résultats!$C$2:$C$1000,$B4,Résultats!$H$2:$H$1000,"oui"),"") | E4: =IFERROR(AVERAGEIFS(Résultats!$P$2:$P$1000,Résultats!$A$2:$A$1000,$A4,Résultats!$C$2:$C$1000,$B4,Résultats!$H$2:$H$1000,"oui"),"") | F4: =IFERROR(AVERAGEIFS(Résultats!$Q$2:$Q$1000,Résultats!$A$2:$A$1000,$A4,Résultats!$C$2:$C$1000,$B4,Résultats!$H$2:$H$1000,"oui"),"") | G4: =IFERROR(AVERAGEIFS(Résultats!$R$2:$R$1000,Résultats!$A$2:$A$1000,$A4,Résultats!$C$2:$C$1000,$B4,Résultats!$H$2:$H$1000,"oui"),"") | H4: =IFERROR(AVERAGEIFS(Résultats!$L$2:$L$1000,Résultats!$A$2:$A$1000,$A4,Résultats!$C$2:$C$1000,$B4,Résultats!$H$2:$H$1000,"oui"),"") | I4: =IFERROR(AVERAGEIFS(Résultats!$M$2:$M$1000,Résultats!$A$2:$A$1000,$A4,Résultats!$C$2:$C$1000,$B4,Résultats!$H$2:$H$1000,"oui"),"")
A5: 2026-Q3 | B5: nano | C5: =COUNTIFS(Résultats!$A$2:$A$1000,$A5,Résultats!$C$2:$C$1000,$B5,Résultats!$H$2:$H$1000,"oui") -> 0 | D5: =IFERROR(AVERAGEIFS(Résultats!$O$2:$O$1000,Résultats!$A$2:$A$1000,$A5,Résultats!$C$2:$C$1000,$B5,Résultats!$H$2:$H$1000,"oui"),"") | E5: =IFERROR(AVERAGEIFS(Résultats!$P$2:$P$1000,Résultats!$A$2:$A$1000,$A5,Résultats!$C$2:$C$1000,$B5,Résultats!$H$2:$H$1000,"oui"),"") | F5: =IFERROR(AVERAGEIFS(Résultats!$Q$2:$Q$1000,Résultats!$A$2:$A$1000,$A5,Résultats!$C$2:$C$1000,$B5,Résultats!$H$2:$H$1000,"oui"),"") | G5: =IFERROR(AVERAGEIFS(Résultats!$R$2:$R$1000,Résultats!$A$2:$A$1000,$A5,Résultats!$C$2:$C$1000,$B5,Résultats!$H$2:$H$1000,"oui"),"") | H5: =IFERROR(AVERAGEIFS(Résultats!$L$2:$L$1000,Résultats!$A$2:$A$1000,$A5,Résultats!$C$2:$C$1000,$B5,Résultats!$H$2:$H$1000,"oui"),"") | I5: =IFERROR(AVERAGEIFS(Résultats!$M$2:$M$1000,Résultats!$A$2:$A$1000,$A5,Résultats!$C$2:$C$1000,$B5,Résultats!$H$2:$H$1000,"oui"),"")
A6: 2026-Q4 | B6: cloud | C6: =COUNTIFS(Résultats!$A$2:$A$1000,$A6,Résultats!$C$2:$C$1000,$B6,Résultats!$H$2:$H$1000,"oui") -> 0 | D6: =IFERROR(AVERAGEIFS(Résultats!$O$2:$O$1000,Résultats!$A$2:$A$1000,$A6,Résultats!$C$2:$C$1000,$B6,Résultats!$H$2:$H$1000,"oui"),"") | E6: =IFERROR(AVERAGEIFS(Résultats!$P$2:$P$1000,Résultats!$A$2:$A$1000,$A6,Résultats!$C$2:$C$1000,$B6,Résultats!$H$2:$H$1000,"oui"),"") | F6: =IFERROR(AVERAGEIFS(Résultats!$Q$2:$Q$1000,Résultats!$A$2:$A$1000,$A6,Résultats!$C$2:$C$1000,$B6,Résultats!$H$2:$H$1000,"oui"),"") | G6: =IFERROR(AVERAGEIFS(Résultats!$R$2:$R$1000,Résultats!$A$2:$A$1000,$A6,Résultats!$C$2:$C$1000,$B6,Résultats!$H$2:$H$1000,"oui"),"") | H6: =IFERROR(AVERAGEIFS(Résultats!$L$2:$L$1000,Résultats!$A$2:$A$1000,$A6,Résultats!$C$2:$C$1000,$B6,Résultats!$H$2:$H$1000,"oui"),"") | I6: =IFERROR(AVERAGEIFS(Résultats!$M$2:$M$1000,Résultats!$A$2:$A$1000,$A6,Résultats!$C$2:$C$1000,$B6,Résultats!$H$2:$H$1000,"oui"),"")
A7: 2026-Q4 | B7: nano | C7: =COUNTIFS(Résultats!$A$2:$A$1000,$A7,Résultats!$C$2:$C$1000,$B7,Résultats!$H$2:$H$1000,"oui") -> 0 | D7: =IFERROR(AVERAGEIFS(Résultats!$O$2:$O$1000,Résultats!$A$2:$A$1000,$A7,Résultats!$C$2:$C$1000,$B7,Résultats!$H$2:$H$1000,"oui"),"") | E7: =IFERROR(AVERAGEIFS(Résultats!$P$2:$P$1000,Résultats!$A$2:$A$1000,$A7,Résultats!$C$2:$C$1000,$B7,Résultats!$H$2:$H$1000,"oui"),"") | F7: =IFERROR(AVERAGEIFS(Résultats!$Q$2:$Q$1000,Résultats!$A$2:$A$1000,$A7,Résultats!$C$2:$C$1000,$B7,Résultats!$H$2:$H$1000,"oui"),"") | G7: =IFERROR(AVERAGEIFS(Résultats!$R$2:$R$1000,Résultats!$A$2:$A$1000,$A7,Résultats!$C$2:$C$1000,$B7,Résultats!$H$2:$H$1000,"oui"),"") | H7: =IFERROR(AVERAGEIFS(Résultats!$L$2:$L$1000,Résultats!$A$2:$A$1000,$A7,Résultats!$C$2:$C$1000,$B7,Résultats!$H$2:$H$1000,"oui"),"") | I7: =IFERROR(AVERAGEIFS(Résultats!$M$2:$M$1000,Résultats!$A$2:$A$1000,$A7,Résultats!$C$2:$C$1000,$B7,Résultats!$H$2:$H$1000,"oui"),"")
